ts	phase	decision	why	evidence	result
2026-09-07T07:25:11Z	setup	Use the existing clean migration worktree and dedicated test containers	Other worktrees run local environments; compose has global container names	docker-compose.dev.yaml:9; git worktree list	No dev services started
2026-09-07T07:27:18Z	baseline	Record the original typecheck and crypto behavior	Separate migration regressions from existing failures	.audit/effect-v4/typecheck-baseline.log; .audit/effect-v4/crypto-baseline.log	Typecheck passed; all 54 crypto tests passed
2026-09-07T07:35:38Z	cryptography	Use exports-aware TypeScript resolution and native ESM for Jest	Effect v4 is ESM-only; CommonJS transformation fails on import.meta	.audit/effect-v4/crypto-typecheck.log; .audit/effect-v4/crypto-esm.log	Cryptography typechecks; same 54 tests pass on v4
2026-09-07T07:48:41Z	schemas	Preserve numeric parsing and schema defaults with v4 APIs	Direct comparison found NumberFromString now accepts malformed numbers as NaN	scripts/verify-effect-schema-compatibility.mjs; scripts/fixtures/effect-v3-schema-contracts.json	All 99 schema cases match the original worktree
2026-09-07T07:55:34Z	geocoding	Use findOneOption and an explicit test environment provider	v4 findOne fails on absence and the default config provider snapshots process.env	.audit/effect-v4/geocoding-tests.log; packages/server-utils/src/tests/testConfigProvider.ts	All 32 geocoding tests pass on a dedicated PostGIS container
2026-09-07T07:59:29Z	http	Pause middleware migration for the required security discussion	v4 attaches middleware only to already registered endpoints; preserving v3 order loses rate limiting	packages/rest-api/src/services/offer/specification.ts; node_modules/effect/src/unstable/httpapi/HttpApi.ts:96; AGENTS.md	User approval pending for moving middleware after registration and adding regression tests
2026-09-07T07:59:29Z	checkpoint	Keep migration uncommitted while verification is incomplete	Whole-repo typecheck still has migration errors; no ready-to-merge PR is justified	.audit/effect-v4/typecheck-v4-all.log	6687 diagnostics in the first full pass; no PR created
2026-09-07T08:09:04Z	schemas	Replace ignored v3 fallback annotations with shared v4 decoding recovery and defaults	A baseline comparison reproduced missing offer defaults; chat fallback behavior needs explicit coverage	.audit/effect-v4/schema-fallback-before.log; scripts/verify-effect-schema-compatibility.mjs; packages/generic-utils/src/effect-helpers/withDecodingFallback.ts	113 schema cases match; generic-utils and domain typecheck
2026-09-07T08:09:04Z	isolation	Document the exact dedicated PostGIS setup and test command	Make isolation from other local worktrees reviewable	.audit/effect-v4/test-environment.md; .audit/effect-v4/geocoding-tests.log	32 geocoding tests passed again
2026-09-07T08:10:07Z	checkpoint	Finish independent schema and chat checks while HTTP approval is pending	Respect the security stop without claiming the migration is ready	.audit/effect-v4/typecheck-checkpoint.log; .audit/effect-v4/lint-check.log; .audit/effect-v4/format-check.log; .audit/effect-v4/resources-tests.log	Typecheck: 19 workspaces fail with 5145 diagnostics; lint: 11 fail; format: all 33 pass; resources: 5 tests pass
2026-09-07T08:10:07Z	isolation	Remove the dedicated PostGIS test container and its anonymous volumes	Do not leave unused dev services running while waiting for user input	.audit/effect-v4/test-environment.md	Removed only vexl-effect-v4-geocoding-test-142c3620; other worktrees untouched
2026-09-07T08:10:52Z	schemas	Keep chat fallback regression cases in Jest and schema wire fixtures in the standalone comparison	tsx cannot resolve legacy fp-ts directory imports in either checkout; Jest runs the real chat module successfully	packages/resources-utils/src/chat/utils/chatMessageVerifiedCommonFriends.test.ts; .audit/effect-v4/resources-tests.log; .audit/effect-v4/schema-compatibility.log	5 resources tests and 113 schema compatibility cases pass
2026-09-07T08:10:52Z	checks	Declare schema helper return types while preserving field metadata	The shared helper lint errors required explicit return types	.audit/effect-v4/generic-typecheck.log; .audit/effect-v4/generic-lint.log; .audit/effect-v4/format-check.log	Generic-utils typecheck and lint pass; whole-repo format passes; other typecheck and lint failures remain
2026-09-07T08:27:09Z	mobile	Use supported bunshi imports and explicit Option-to-Effect conversion	Exports-aware resolution rejects bunshi private paths; v4 operators no longer accept Option implicitly	.audit/effect-v4/mobile-typecheck.log; .audit/effect-v4/lift-values.cjs; node_modules/bunshi/package.json	Mobile diagnostics decreased to 766; full migration remains incomplete
2026-09-07T08:27:09Z	streams	Migrate callback streams while preserving 16-item buffers and scope cleanup	v4 callback streams default to unbounded buffers; v3 async streams defaulted to 16	packages/server-utils/src/RedisPubSubService.ts; packages/server-utils/src/mqService.ts; packages/server-utils/src/__tests__/redisConnectionChanges.test.ts	Redis listener cleanup and pub/sub delivery verified
2026-09-07T08:27:09Z	redis	Add real Redis integration tests and an isolated CI Redis service	Existing tests used mocks and did not exercise callback streams or missing values against Redis	.audit/effect-v4/server-independent-tests.log; .github/workflows/test-jest.yaml; packages/server-utils/src/__tests__/redisService.integration.test.ts	All 11 independent server tests pass against dedicated loopback Redis on port 59709
2026-09-07T08:27:09Z	baseline	Leave the existing no-expiry Redis write defect unchanged and test explicit expiry	Original v3 code also sends invalid PXAT -1 without expiry; changing retention behavior is outside this migration fix	.audit/effect-v4/redis-no-expiry-baseline.log; .audit/effect-v4/redis-no-expiry-failure.log; packages/server-utils/src/RedisService.ts	Reproduced on v3; explicit-expiry writes pass on v4
2026-09-07T08:31:05Z	http	Prepare an unapplied middleware-order patch for the security decision	Make the proposed mitigation reviewable while honoring the pending approval	.audit/effect-v4/middleware-order.patch; .audit/effect-v4/propose-middleware-order.cjs	10 API specifications proposed; source middleware order unchanged
2026-09-07T08:34:03Z	checkpoint	Record the second full migration checkpoint after independent fixes	Keep progress counts separate from merge readiness	.audit/effect-v4/typecheck-checkpoint2.log; .audit/effect-v4/lint-checkpoint2-final.log; .audit/effect-v4/format-check.log; .audit/effect-v4/server-independent-tests.log	3882 diagnostics in 19 workspaces; lint passes27 of33; format passes33 of33; selected server11/resources5/crypto54 tests pass
2026-09-07T08:34:03Z	reproducibility	Preserve the temporary baseline Redis reproduction and remove task containers	Review needs rerunnable evidence and confirmation that isolated services were cleaned up	.audit/effect-v4/redis-no-expiry-baseline.test.ts; .audit/effect-v4/test-environment.md; .audit/effect-v4/container-cleanup.log	Reproduction preserved; no task-labelled containers remain; HTTP approval still pending
2026-09-07T08:36:03Z	blocked-audit	Revalidate the mandatory security pause on its third consecutive goal turn	AGENTS requires stopping for discussion; automatic goal continuations do not answer the pending middleware approval	AGENTS.md:7; packages/rest-api/src/services/offer/specification.ts; node_modules/effect/src/unstable/httpapi/HttpApi.ts:178; .audit/effect-v4/middleware-order.patch	Risk and unapplied mitigation confirmed; no user response; full migration and PR remain incomplete
2026-09-07T08:36:36Z	goal	Mark the existing full-migration goal blocked pending the security decision	The same mandatory discussion remains unresolved after three consecutive goal turns	AGENTS.md:7; .audit/effect-v4/middleware-order.patch; active thread goal status	Goal status blocked; objective unchanged; no source changes or PR in this turn
2026-09-07T09:11:17Z	authorization	Apply the approved middleware-order correction and record it for the PR	Dave explicitly approved preserving protections and adding regression tests, with this decision documented in the PR	.audit/effect-v4/middleware-order.patch; .audit/effect-v4/pr-decisions.md; user approval in thread	Applied to 10 API specifications; authentication and rate-limit tests next
2026-09-07T09:27:04Z	verification	Preserve middleware coverage and legacy omitted authorization header	Approved protection migration plus v4 missing-field semantics	.audit/effect-v4/http-protections.log; .audit/effect-v4/authentication-tests.log; .audit/effect-v4/rate-limit-tests.log	108 endpoint protection records match v3; authentication and rate-limit HTTP tests pass
2026-09-07T10:08:52Z	verification	All 33 workspace typechecks and 14 builds passed; all 330 mobile tests passed	Check the migrated artifact beyond individual packages	.audit/effect-v4/typecheck-checkpoint10.log; .audit/effect-v4/build-checkpoint.log; .audit/effect-v4/mobile-all-tests2.log	Backend integration and mobile export checks remain
2026-09-07T10:08:52Z	http	Use structural schemas for class-based HTTP payloads; retain header classes with computed getters	V4 encoding requires class instances but existing callers supply plain payloads; header getters are used by handlers	packages/rest-api/src/services/user/specification.ts; .audit/effect-v4/user-tests3.log	All 36 user-service tests pass
2026-09-07T10:08:52Z	testing	Create the environment ConfigProvider when the test runtime builds	V4 defaults snapshot the environment before setupTestDatabase creates DB_URL	packages/server-utils/src/tests/testConfigProvider.ts; .audit/effect-v4/contact-tests.log	Contact integration reaches its isolated database
2026-09-07T10:24:17Z	runtime	Preserve empty grouped SQL query results with explicit NoSuchElementError recovery	V4 grouped resolvers fail on absent groups; old routes expect zero counts or no matching record	.audit/effect-v4/offer-tests3.log; apps/offer-service/src/db/OfferDbService/queries	All 81 offer-service tests pass
2026-09-07T10:24:17Z	mobile	Enable package export resolution for Effect in Metro	Effect v4 has exports without the legacy main entry Metro was using	apps/mobile/metro.config.js; .audit/effect-v4/mobile-export2.log	Android and iOS Hermes exports pass
2026-09-07T10:24:17Z	rpc	Retain v3 notification RPC wire compatibility with string IDs and an NDJSON exit adapter	Mobile and backend deploy independently; v4 silently drops v3 string-ID replies and changed terminal cause encoding	packages/rest-api/src/services/notification/rpcSerialization.test.ts; .audit/effect-v4/rpc-cross-version-review.log	13 regression tests and 17 independent cross-version checks pass
2026-09-07T10:24:17Z	queues	Verify real BullMQ backpressure, delivery and worker disposal	Job ID tests did not exercise the migrated callback stream	packages/server-utils/src/__tests__/mqService.integration.test.ts; .audit/effect-v4/mq-integration-tests.log	64 jobs delivered in order with a bounded queue and no workers after disposal
2026-09-07T10:35:33Z	verification	Validate RPC terminal compatibility using a portable script and real v3 codecs	Captured frames alone do not prove that the old client accepts the new server output	scripts/verify-effect-rpc-compatibility.mjs; .audit/effect-v4/rpc-cross-version.log	All 15 terminal cases pass in both directions; fresh review independently passed17 cases
2026-09-07T10:35:33Z	test-environment	Forward test database and Redis overrides through Turbo	Turbo strict environment filtering otherwise discards isolated service addresses	turbo.json; .audit/effect-v4/full-tests2.log; .audit/effect-v4/full-tests3.log	Full suite uses dedicated test containers
2026-09-07T10:35:33Z	testing	Run the location updater tests as ESM with URL-based fixture paths and fresh configuration	V4 Node modules cannot load through CommonJS; database settings are created after test module initialization	tooling/location-db-updater/src/__tests__/ingestPipeline.test.ts; .audit/effect-v4/location-updater-tests3.log	All 74 updater tests pass including atomic PostGIS replacement
2026-09-07T10:35:33Z	documentation	Move the canonical decision log into docs for PR review	This migration needs a durable record of compatibility decisions and verification checkpoints	docs/effect-v4-decisions.tsv; docs/effect-v4-migration.md	Historical diagnostic logs stay local; committed tests and scripts reproduce final checks
2026-09-07T10:38:05Z	storage	Remove the ineffective root-level club-key omission while preserving nested legacy keys	The old cleanup omits a club UUID from an object whose keys are data and waitingForAdmission; v4 correctly rejects that key	apps/mobile/src/state/session/utils/migrateClubsToV2Keys.ts; .audit/effect-v4/legacy-club-cleanup.log	Actual v3 Struct.omit produces the same stored value
2026-09-07T10:38:05Z	verification	Complete all final repository gates and current mobile exports	Read the real results after the RPC and HTTP compatibility corrections	.audit/effect-v4/typecheck-ready.log; .audit/effect-v4/format-ready.log; .audit/effect-v4/lint-ready.log; .audit/effect-v4/tests-ready.log; .audit/effect-v4/build-ready.log; .audit/effect-v4/mobile-export-final.log	33 typecheck/format/lint workspaces;18 test workspaces;14 builds;Android and iOS Hermes exports pass
2026-09-07T10:51:21Z	verification	Synchronize the mobile cleanup test with the actual notification request	A zero-delay timer can run before the detached v4 fiber; its failed assertion left an unfinished promise that rejected in the next test	.audit/effect-v4/mobile-traced-all.log; apps/mobile/src/state/chat/atoms/fetchNewMessagesActionAtom.test.ts; .audit/effect-v4/mobile-cold-fixed.log	Cold-cache single-process diagnostic passes all 330 tests; baseline Sentry and MMKV timer warnings remain
2026-09-07T10:52:01Z	verification	Exclude generated location updater bundles from formatting	The CI-equivalent check after a build exposed a missing workspace ignore file; other built workspaces already exclude dist	.audit/effect-v4/check-code-final.log; tooling/location-db-updater/.prettierignore	Added the same dist exclusion used by other services
2026-09-07T10:53:11Z	verification	Pass the CI-equivalent checks after the final test correction and build	Verify the final artifact, including generated-output exclusions and a frozen dependency install	.audit/effect-v4/check-code-final2.log; .audit/effect-v4/tests-final.log; .audit/effect-v4/install-frozen.log; .audit/effect-v4/mobile-cold-fixed.log	99 format/lint/typecheck tasks,18 test tasks and frozen install pass; fresh reviewer found no remaining implementation flags
